{"cameraMode":{"drawMode":0,"name":"Shaded","section":"Shading Mode"},"sceneLighting":false,"audioPlay":false,"sceneViewState":{"showFog":true,"showMaterialUpdate":false,"showSkybox":true,"showFlares":true,"showImageEffects":true,"showParticleSystems":true},"in2DMode":false,"pivot":{"x":-0.0003329813480377197,"y":-0.000010639429092407227,"z":0.0523148775100708},"rotation":{"x":0.28671032190322878,"y":0.5899609327316284,"z":-0.2359103411436081,"w":0.7170006036758423},"size":1.910905122756958,"orthographic":false}